Date,PEJ,BIL,DZL
20/06/05,14.59,NaN,1891.23999
27/06/05,14.53,NaN,1890.32983
05/07/05,14.76,NaN,1912.51978
11/07/05,14.85,NaN,1943.47998
18/07/05,14.97,NaN,1953.01978
25/07/05,14.98,NaN,1945.55981
01/08/05,14.61,NaN,1905.66992
08/08/05,14.64,NaN,1898.67993
15/08/05,14.46,NaN,1877.47998
22/08/05,14.24,NaN,1845.60986
29/08/05,13.75,NaN,1783.98999
06/09/05,14.24,NaN,1846.48999
12/09/05,14.08,NaN,1826.94995
19/09/05,13.78,NaN,1788.80981
26/09/05,13.87,NaN,1810.15991
03/10/05,13.9,NaN,1802.48999
10/10/05,13.8299,NaN,1793.8999
17/10/05,14.08,NaN,1822.00977
24/10/05,13.99,NaN,1815.94995
31/10/05,14.79,NaN,1922.0498
07/11/05,14.91,NaN,1930.86987
14/11/05,15.02,NaN,1947.42993
21/11/05,15.32,NaN,1987.94995
28/11/05,15.4,NaN,1994.53979
05/12/05,15.17,NaN,1965.13989
12/12/05,15.16,NaN,1968.40991
19/12/05,15.27,NaN,1978.31982
27/12/05,15.21,NaN,1972.16992
03/01/06,15.63,NaN,2025.08984
09/01/06,15.79,NaN,2045.75977
17/01/06,15.7301,NaN,2039.17993
23/01/06,16.21001,NaN,2101.72998
30/01/06,16.11,NaN,2092.8999
06/02/06,16.11,NaN,2089.27979
13/02/06,15.96,NaN,2067.00977
21/02/06,15.88,NaN,2058.68994
27/02/06,15.86,NaN,2056
06/03/06,15.86,NaN,2058.19995
13/03/06,16.25999,NaN,2107.47998
20/03/06,16.2001,NaN,2104.5
27/03/06,16.34,NaN,2118.97998
03/04/06,16.31,NaN,2111
10/04/06,16.07001,NaN,2086.30981
17/04/06,16.28999,NaN,2114.17993
24/04/06,16.32001,NaN,2112.70996
01/05/06,16.72,NaN,2170.87988
08/05/06,16.33,NaN,2119.36987
15/05/06,16.03999,NaN,2080.28979
22/05/06,16.05,NaN,2083.18994
30/05/06,16.05,NaN,2086.98999
05/06/06,15.72,NaN,2036.65991
12/06/06,15.5201,NaN,2017.28979
19/06/06,15.47,NaN,2005.95996
26/06/06,16.13,NaN,2088.56982
03/07/06,15.7,NaN,2039.06982
10/07/06,14.8101,NaN,1924.41992
17/07/06,14.7208,NaN,1911.18994
24/07/06,14.71,NaN,1905.90991
31/07/06,14.8301,NaN,1930.28979
07/08/06,14.6201,NaN,1898.11987
14/08/06,15.39,NaN,2000.26978
21/08/06,14.94,NaN,1940.25977
28/08/06,15.7,NaN,2032.83984
05/09/06,15.74,NaN,2038.67993
11/09/06,16.35001,NaN,2117.06982
18/09/06,16.3299,NaN,2115.66992
25/09/06,16.52,NaN,2138.61987
02/10/06,17.10001,NaN,2220.38989
09/10/06,17.42999,NaN,2257.59985
16/10/06,17.3,NaN,2238.44995
23/10/06,17.5,NaN,2264.34985
30/10/06,17.12,NaN,2217.37988
06/11/06,17.60001,NaN,2279.60986
13/11/06,17.88,NaN,2310.25
20/11/06,17.94,NaN,2314.92993
27/11/06,17.46001,NaN,2259.75977
04/12/06,17.86,NaN,2311.97998
11/12/06,17.89999,NaN,2318.46997
18/12/06,17.84,NaN,2317.15991
26/12/06,17.97,NaN,2326.59985
03/01/07,17.778,NaN,2300.87988
08/01/07,18.3,NaN,2365.30981
16/01/07,18.14999,NaN,2349.48999
22/01/07,17.88,NaN,2314.55981
29/01/07,18.23,NaN,2358.6499
05/02/07,18.14,NaN,2356.03979
12/02/07,18.49001,NaN,2397.10986
20/02/07,18.77,NaN,2429.31982
26/02/07,17.83,NaN,2309.07983
05/03/07,18.03,NaN,2331.71997
12/03/07,17.71001,NaN,2295.62988
19/03/07,18.42999,NaN,2386.56982
26/03/07,18.14011,NaN,2354.78979
02/04/07,18.48,NaN,2395.32983
09/04/07,18.41,NaN,2390.16992
16/04/07,18.53999,NaN,2408.32983
23/04/07,18.61,NaN,2411.82983
30/04/07,18.88,NaN,2447.83984
07/05/07,18.85001,NaN,2450.18994
14/05/07,18.92,NaN,2458.83984
21/05/07,18.85001,NaN,2452.68994
29/05/07,19.23,91.62,2496.46997
04/06/07,18.89,91.68,2449.1499
11/06/07,19.25,91.84,2501.72998
18/06/07,18.7,91.96,2429.69995
25/06/07,18.75,92,2437.05981
02/07/07,19.37,91.66,2517.26978
09/07/07,19.03999,91.74,2474.76978
16/07/07,18.84,91.84,2445.17993
23/07/07,17.517,91.92002,2260.70996
30/07/07,17.06,91.54,2213.50977
06/08/07,16.98,91.76,2207.33984
13/08/07,16.78,91.96,2180.97998
20/08/07,17.77,91.94,2303.86987
27/08/07,17.6701,91.98002,2285.82983
04/09/07,17.25,91.72,2234.68994
10/09/07,17.57001,91.82,2282.66992
17/09/07,18.14999,91.82,2355.85986
24/09/07,18.12,91.79998,2350.23999
01/10/07,18.53999,91.54,2409.37988
08/10/07,18.42,91.70002,2388.63989
15/10/07,17.75999,91.84,2305.63989
22/10/07,17.78,91.78022,2303.15991
29/10/07,17.44,91.66,2276.8999
05/11/07,17.03999,91.74,2199.68994
12/11/07,16.74001,91.78,2173.08984
19/11/07,16.44,91.9,2131.80981
26/11/07,16.66,91.9,2161.56982
03/12/07,17.00999,91.72,2211.42993
10/12/07,16.44,91.74,2129.82983
17/12/07,15.91,91.85998,2149.42993
24/12/07,15.89,91.6,2127.6499
31/12/07,14.65,91.58082,1961.66992
07/01/08,14.23,91.62,1901.34985
14/01/08,13.6001,91.70002,1829.57983
22/01/08,14.362,91.78,1922.01978
28/01/08,15.49,91.70002,2066.20996
04/02/08,14.85,91.72,1988.08984
11/02/08,15.22,91.76,2034.34985
19/02/08,15.2,91.79998,2031.60986
25/02/08,14.79,91.85998,1972.93994
03/03/08,14.15,91.74,1858.58984
10/03/08,14.07,91.85998,1847.32983
17/03/08,14.61,91.94,1920.88989
24/03/08,14.29,91.79998,1880.21997
31/03/08,15.06,91.74,1976.91992
07/04/08,14.4,91.76,1891.33984
14/04/08,14.89,91.68,1958.37988
21/04/08,14.94,91.76,1965.61987
28/04/08,15.49,91.6,2037.42993
05/05/08,15.23,91.64002,1998.95996
12/05/08,15.39,91.62,2019.26978
19/05/08,14.58,91.64002,1914.44995
27/05/08,15.05,91.68,1976.36987
02/06/08,14.5,91.6,1901.65991
09/06/08,14.33,91.75962,1880
16/06/08,13.83,91.79998,1812.47998
23/06/08,13.12,91.85998,1723.95996
30/06/08,12.5301,91.72,1646.17993
07/07/08,12.21,91.82,1593.60986
14/07/08,12.794,91.84,1681.93994
21/07/08,12.81,91.84,1677.0498
28/07/08,12.85,91.7002,1682.72998
04/08/08,13.73,91.74,1799.35986
11/08/08,13.996,91.78,1833.97998
18/08/08,13.2901,91.84,1766.6499
25/08/08,13.22,91.8056,1730.78979
02/09/08,13.13,91.76,1720.73999
08/09/08,13.17,91.79998,1728.81982
15/09/08,13.7,91.76,1765.50977
22/09/08,12.31,92.07998,1639.98999
29/09/08,10.96,91.96,1435.32983
06/10/08,9.1201,92.06,1199.05981
13/10/08,9.26,91.64002,1185.06982
20/10/08,8.1501,91.76,1067.41992
27/10/08,9.4301,91.79998,1223.60986
03/11/08,8.4668,91.9,1117.38989
10/11/08,7.6999,91.9,988.56982
17/11/08,6.34,91.85998,871.45996
24/11/08,7.92,91.66,1057.78979
01/12/08,8.1199,91.76,1058.17993
08/12/08,8.38,91.74,1096.63989
15/12/08,9.34,91.72,1223.42993
22/12/08,8.95,91.84,1182.37988
29/12/08,9.7801,91.6,1282.21997
05/01/09,9.534,91.7276,1235.35986
12/01/09,8.944,91.78022,1173.91992
20/01/09,8.88,91.78,1148.75
26/01/09,8.58,91.7598,1122.27979
02/02/09,9,91.6,1180.73999
09/02/09,8.5018,91.76,1107.84985
17/02/09,8.12,91.78,1052.55981
23/02/09,7.97,91.74,1037.16992
02/03/09,7.25,91.76,954.90991
09/03/09,8.25,91.70002,1076.55981
16/03/09,8.482,91.74,1105.13989
23/03/09,9.0584,91.78,1168.87988
30/03/09,9.538,91.72,1251.58984
06/04/09,9.68,91.68,1264.75977
13/04/09,10.11,91.66,1319.63989
20/04/09,10.63,91.77978,1392.52979
27/04/09,10.505,91.78,1376.09985
04/05/09,11.22,91.6752,1468.06982
11/05/09,10.55,91.70002,1376.19995
18/05/09,10.77,91.74,1408.53979
26/05/09,11.404,91.76,1495.22998
01/06/09,11.66,91.69642,1522.08984
08/06/09,11.264,91.74,1474.34985
15/06/09,11.18,91.76,1457.75977
22/06/09,11.1,91.76,1459.5
29/06/09,11.03,91.76,1440.43994
06/07/09,10.92,91.74,1425.27979
13/07/09,11.61,91.76,1513.77979
20/07/09,11.92,91.70002,1560.43994
27/07/09,11.9,91.68,1555.95996
03/08/09,12.13,91.70002,1583.85986
10/08/09,11.8672,91.74,1555.11987
17/08/09,12.19,91.70002,1590.97998
24/08/09,12.0644,91.74,1576.44995
31/08/09,12.06,91.76,1576.77979
08/09/09,12.454,91.70002,1624.95996
14/09/09,13.08,91.70002,1706.44995
21/09/09,12.57,91.74,1645.10986
28/09/09,12.35,91.70002,1612.69995
05/10/09,12.89,91.72,1688.97998
12/10/09,12.96,91.74,1690.86987
19/10/09,12.74,91.70002,1659.25977
26/10/09,11.98,91.76,1557.84985
02/11/09,12.62,91.76,1648.8999
09/11/09,12.83,91.70002,1685.1499
16/11/09,12.876,91.70002,1697.0498
23/11/09,12.907,91.72,1690.70996
30/11/09,13.03,91.74,1722.17993
07/12/09,13.0773,91.70002,1721.75977
14/12/09,13.27,91.70002,1754.5498
21/12/09,13.61,91.72,1798.84985
28/12/09,13.39,91.74,1758.88989
04/01/10,13.5,91.68,1784.56982
11/01/10,13.7,91.70002,1809.6499
19/01/10,13.55,91.70002,1789.90991
25/01/10,13.23,91.74,1741.21997
01/02/10,13.08,91.74,1729.75
08/02/10,13.54,91.74,1787.00977
16/02/10,13.98,91.68,1842.57983
22/02/10,14.2,91.72,1871.96997
01/03/10,14.8,91.68,1949.90991
08/03/10,15.27,91.68,2009.62988
15/03/10,15.23,91.68,2010.71997
22/03/10,15.566,91.72,2049.85986
29/03/10,15.76,91.72,2075.84985
05/04/10,16.34599,91.68,2153.76978
12/04/10,16.46001,91.68,2164.62988
19/04/10,17.13,91.68,2255.41992
26/04/10,16.54601,91.68,2177.23999
03/05/10,15.2778,91.72,2015.62988
10/05/10,15.9,91.72,2093.33984
17/05/10,15.16,91.72,1998.84985
24/05/10,15.61,91.72,2035.35986
01/06/10,14.906,91.74,1961.87988
07/06/10,15.279,91.74,2008.771
14/06/10,15.602,91.72,2053.99658
21/06/10,14.78,91.72,1945.39429
28/06/10,13.78,91.72,1815.24658
06/07/10,14.51,91.70002,1909.38501
12/07/10,14.25,91.72,1874.67993
19/07/10,14.75,91.72,1942.52612
26/07/10,14.774,91.70002,1943.89502
02/08/10,14.951,91.68,1966.44287
09/08/10,14.24,91.72,1866.07544
16/08/10,14.35,91.72,1888.35449
23/08/10,14.47,91.70002,1901.94434
30/08/10,15.596,91.72,2052.66479
07/09/10,15.586,91.70002,2049.53052
13/09/10,15.836,91.70002,2086.98999
20/09/10,16.2,91.72,2133.68311
27/09/10,16.3,91.70002,2145.97607
04/10/10,16.75999,91.70002,2205.1709
11/10/10,17.10001,91.70002,2250.63989
18/10/10,17.35001,91.72,2284.48022
25/10/10,17.39999,91.72,2287.80249
01/11/10,18.06,91.70002,2377.22168
08/11/10,17.856,91.72,2349.82812
15/11/10,18.06,91.70002,2376.28027
22/11/10,18.25999,91.72,2398.97485
29/11/10,18.77,91.72,2467.21899
06/12/10,18.95,91.72,2488.97241
13/12/10,18.7,91.72,2475.88062
20/12/10,18.84,91.70002,2488.64795
27/12/10,18.47,91.70002,2436.44409
03/01/11,18.78,91.70002,2480.34106
10/01/11,19.05,91.70002,2517.27148
18/01/11,18.60001,91.70002,2460.27881
24/01/11,18.25999,91.70002,2412.97168
31/01/11,18.99001,91.72,2512.0481
07/02/11,19.31,91.70002,2553.03149
14/02/11,19.32001,91.70002,2560.91724
22/02/11,18.774,91.72,2486.24292
28/02/11,18.75999,91.712,2481.61816
07/03/11,18.72,91.72,2474.57812
14/03/11,18.11,91.74,2394.0437
21/03/11,18.78999,91.70002,2482.34766
28/03/11,19.05,91.70002,2518.83862
04/04/11,18.64,91.70002,2463.00146
11/04/11,18.7401,91.72,2478.93848
18/04/11,19.03999,91.70002,2516.52197
25/04/11,19.36,91.70002,2557.88452
02/05/11,19.3158,91.74,2554.35352
09/05/11,19.63,91.72,2598.39087
16/05/11,19.698,91.72,2606.03271
23/05/11,19.81,91.72,2618.9082
31/05/11,18.92999,91.70002,2504.54639
06/06/11,18.25,91.72,2413.43433
13/06/11,18.466,91.72,2443.54932
20/06/11,18.94,91.70002,2507.86475
27/06/11,20.14,91.70002,2666.59277
05/07/11,20.37,91.70002,2694.16309
11/07/11,20.03,91.72,2648.86328
18/07/11,20.09,91.72,2660.51758
25/07/11,19.22,91.72,2547.2334
01/08/11,17.83,91.72,2364.08594
08/08/11,17.94,91.72,2378.63672
15/08/11,16.60001,91.72,2203.96094
22/08/11,17.63,91.72,2339.32202
29/08/11,17.67,91.72,2339.79565
06/09/11,17.14,91.70002,2267.4834
12/09/11,17.89,91.68,2371.01758
19/09/11,16.87,91.70002,2242.33691
26/09/11,16.17,91.70002,2144.49316
03/10/11,16.535,91.70002,2188.19922
10/10/11,17.77,91.68,2356.09473
17/10/11,17.77,91.68,2364.01929
24/10/11,18.78999,91.68,2481.73267
31/10/11,18.52,91.68,2445.56543
07/11/11,18.58,91.68,2455.17773
14/11/11,17.89999,91.70002,2371.81592
21/11/11,17.00999,91.70002,2253.27979
28/11/11,18.22,91.68,2411.13232
05/12/11,18.39999,91.66,2435.20532
12/12/11,17.89999,91.68,2377.91162
19/12/11,18.67,91.68,2485.9812
27/12/11,18.69,91.66,2480.17822
03/01/12,18.81,91.64002,2503.896
09/01/12,19.25,91.64002,2557.0293
17/01/12,19.56,91.64002,2599.25
23/01/12,19.72,91.64002,2619.09961
30/01/12,20.28,91.64002,2698.81616
06/02/12,20.31,91.66,2703.25195
13/02/12,20.72,91.64002,2752.35376
21/02/12,20.50999,91.66,2727.68188
27/02/12,20.64999,91.64002,2740.06445
05/03/12,21.174,91.66,2812.1936
12/03/12,21.59,91.64002,2862.01294
19/03/12,21.645,91.65,2869.37549
26/03/12,21.88989,91.64002,2898.63745
02/04/12,21.91,91.64002,2905.84912
09/04/12,21.909,91.62,2900.50391
16/04/12,21.86,91.64002,2897.48706
23/04/12,22.39999,91.64002,2966.44043
30/04/12,21.91,91.64002,2902.59106
07/05/12,21.828,91.66,2899.02954
14/05/12,20.71001,91.65,2753.68799
21/05/12,21.42,91.66,2845.80591
29/05/12,20.56,91.66,2729.21021
04/06/12,21.19,91.64002,2814.52563
11/06/12,21.11,91.64002,2812.21802
18/06/12,21.44009,91.64002,2853.62427
25/06/12,21.67999,91.62,2888.78638
02/07/12,21.88,91.62,2912.93555
09/07/12,21.7182,91.64002,2889.84253
16/07/12,21.55,91.62,2866.0105
23/07/12,21.444,91.66,2858.15869
30/07/12,21.46001,91.64002,2859.73901
06/08/12,21.50999,91.62,2862.55151
13/08/12,21.84,91.62,2908.16406
20/08/12,21.60001,91.62,2877.14575
27/08/12,21.74361,91.63,2887.1167
04/09/12,22.28999,91.625,2960.31738
10/09/12,22.78,91.62,3032.09277
17/09/12,23.03999,91.63,3058.09766
24/09/12,22.8488,91.62,3030.72583
01/10/12,22.89,91.62,3036.8645
08/10/12,22.60001,91.62,3002.4917
15/10/12,22.72,91.62,3014.42236
22/10/12,22.22,91.62658,2954.04321
29/10/12,22.41,91.64002,2971.74146
05/11/12,22.03,91.64002,2922.47192
12/11/12,21.5101,91.6398,2870.13208
19/11/12,22.42,91.62,2984.72144
26/11/12,22.62,91.62,2999.64917
03/12/12,22.36,91.62,2974.09912
10/12/12,22.41,91.62,2977.3291
17/12/12,22.85001,91.62,3034.2373
24/12/12,22.44,91.64002,2982.43359
31/12/12,24.022,91.64002,3190.22388
07/01/13,24.06,91.6,3194.94971
14/01/13,24.25,91.6,3230.15381
22/01/13,24.56,91.6,3276.85278
28/01/13,25.0325,91.6,3333.90649
04/02/13,25.16,91.60998,3353.06372
11/02/13,25.19,91.60018,3360.68042
19/02/13,24.8139,91.62,3312.69263
25/02/13,25.07001,91.62,3345.83423
04/03/13,26.00999,91.6,3460.87573
11/03/13,26.188,91.62,3486.58789
18/03/13,26.22,91.62,3492.09253
25/03/13,26.556,91.62,3533.30151
01/04/13,26.17,91.62,3488.68555
08/04/13,26.98399,91.62,3595.56616
15/04/13,26.46001,91.62,3524.13794
22/04/13,26.99361,91.6,3591.38818
29/04/13,27.73199,91.6,3697.54175
06/05/13,28.16,91.6,3753.39258
13/05/13,28.17,91.62,3756.14062
20/05/13,28.14999,91.62,3755.86865
28/05/13,28.36,91.62,3771.93018
03/06/13,28.46001,91.62,3790.08838
10/06/13,28.2345,91.6,3749.50928
17/06/13,27.38,91.62,3655.64111
24/06/13,27.96001,91.6,3724.23071
01/07/13,29.05901,91.62,3874.67236
08/07/13,29.94,91.57998,3988.26318
15/07/13,29.92999,91.6,3987.40552
22/07/13,29.77,91.59,3970.4314
29/07/13,30.71001,91.6,4094.25537
05/08/13,30.64,91.59,4082.2583
12/08/13,29.92999,91.6,3991.99927
19/08/13,30.53999,91.6,4068.92749
26/08/13,29.74001,91.6,3965.09424
03/09/13,30.16,91.6,4016.9946
09/09/13,31.07001,91.59,4137.9259
16/09/13,31.42,91.57998,4185.2871
23/09/13,31.56,91.57998,4203.2635
30/09/13,31.64,91.6,4220.6824
07/10/13,31.66,91.54,4222.3705
14/10/13,32.53,91.57998,4333.8605
21/10/13,32.88,91.57998,4382.0118
28/10/13,33.01,91.56,4400.2103
04/11/13,32.59,91.56,4353.5381
11/11/13,33.14,91.56,4418.0312
18/11/13,33.174,91.56,4422.5753
25/11/13,33.2,91.54,4421.7254
02/12/13,32.91,91.58,4381.7055
09/12/13,32.66,91.57,4342.776
16/12/13,33.71,91.56,4484.9578
23/12/13,34.059,91.57,4532.1719
30/12/13,33.77,91.56,4506.1785
06/01/14,33.76,91.56,4499.7964
13/01/14,33.59,91.54,4476.5995
21/01/14,32.57,91.54,4347.4714
27/01/14,32.42,91.54,4327.1735
03/02/14,32.82,91.56,4375.1794
10/02/14,33.8,91.56,4507.1166
18/02/14,34.16,91.54,4555.0334
24/02/14,35.23,91.56,4687.5908
03/03/14,35.79,91.54,4765.91
10/03/14,35.02,91.54,4659.3968
17/03/14,35.03,91.56,4663.1408
24/03/14,33.81,91.54,4501.5405
31/03/14,33.4324,91.54,4449.374
07/04/14,32.26,91.54,4301.8194
14/04/14,32.821,91.56,4372.1871
21/04/14,32.11,91.53,4283.5343
28/04/14,32.84,91.53,4377.7
05/05/14,31.84,91.54,4247.7
12/05/14,31.58,91.54,4210.2894
19/05/14,32.66,91.54,4345.9717
27/05/14,33.18,91.54,4417.6073
02/06/14,33.76,91.52,4492.9221
09/06/14,33.24,91.52,4426.918
16/06/14,33.8152,91.54,4504.1509
23/06/14,34.13,91.54,4549.0333
30/06/14,34.4201,91.52,4593.3005
07/07/14,33.756,91.52,4495.5746
14/07/14,33.84,91.5,4513.3961
21/07/14,33.81,91.52,4511.6897
28/07/14,33.2,91.52,4430.2905
04/08/14,32.95,91.5,4391.1769
11/08/14,33.388,91.52,4453.3184
18/08/14,33.72,91.52,4496.6259
25/08/14,33.75,91.52,4492.5625
02/09/14,33.8361,91.52,4507.0443
08/09/14,33.56,91.5,4472.2601
15/09/14,33.68,91.52,4490.2436
22/09/14,33.29,91.52,4437.6833
29/09/14,33.03,91.48,4401.8722
06/10/14,31.7183,91.5,4226.8463
13/10/14,31.873,91.5,4249.2478
20/10/14,33.32,91.48,4441.2552
27/10/14,34.22,91.5,4564.3163
03/11/14,33.731,91.4834,4504.5725
10/11/14,34.24,91.48,4568.2426
17/11/14,33.9247,91.48,4521.5287
24/11/14,34.94,91.5,4652.6477
01/12/14,34.95,91.5,4650.1059
08/12/14,34.89,91.5,4626.2928
15/12/14,35.07,91.46,4689.1084
22/12/14,35.7203,91.46,4754.7487
29/12/14,35.49,91.46,4718.6026
05/01/15,36.02,91.46,4797.9843
12/01/15,36.12,91.46,4812.7335
20/01/15,36.36,91.48,4841.7556
26/01/15,35.53,91.46,4736.7905
02/02/15,35.95,91.46,4789.6243
09/02/15,36.97,91.46,4922.0925
17/02/15,38.03,91.44,5073.6925
23/02/15,37.91,91.46,5048.0975
02/03/15,37.39,91.44,4980.4776
09/03/15,38.12,91.46,5069.7501
16/03/15,39.25,91.46,5231.711
23/03/15,38.26,91.4482,5107.3045
30/03/15,37.6,91.44,5019.1311
06/04/15,37.588,91.44,5020.2558
13/04/15,37.08,91.42,4956.8505
20/04/15,38.2574,91.42,5113.2144
27/04/15,37.03,91.42,4951.4541
04/05/15,37.42,91.44,5002.4581
11/05/15,37.46,91.42,5008.6173
18/05/15,36.652,91.43,4896.3387
26/05/15,36.5999,91.42,4884.0623
01/06/15,36.77,91.42,4909.4631
08/06/15,36.5,91.42,4875.9667
15/06/15,37.13,91.4064,4951.6189
22/06/15,37.32,91.4,4980.7514
29/06/15,36.4499,91.42,4862.5427
06/07/15,37.3334,91.4,4979.2405
13/07/15,37.92,91.42,5056.002
20/07/15,37.21,91.42,4961.2898
27/07/15,37.7825,91.42,5039.7299
03/08/15,37.2583,91.4,4974.6832
10/08/15,37.5699,91.38,5009.7094
17/08/15,35.59,91.4,4734.2041
24/08/15,35.7775,91.42,4781.056
31/08/15,36.03,91.4,4790.4996
08/09/15,36.98,91.4,4938.8762
14/09/15,37.13,91.38,4961.7783
21/09/15,36.41,91.38,4858.0061
28/09/15,36.08,91.4,4818.3411
05/10/15,37.1999,91.38,4968.7718
12/10/15,37.42,91.38,5000.8676
19/10/15,38.5599,91.38,5150.3486
26/10/15,38.4612,91.36,5136.9943
02/11/15,38.835,91.36,5185.1123
09/11/15,37.17,91.36,4960.5994
16/11/15,37.89,91.36,5056.738
23/11/15,37.77,91.37,5039.2876
30/11/15,38.02,91.38,5075.5285
07/12/15,36.61,91.38,4887.1844
14/12/15,36.33,91.38,4852.0501
21/12/15,37.25,91.37,4976.2919
28/12/15,36.76,91.36,4910.0821
04/01/16,34.05,91.36,4553.1607
11/01/16,32.78,91.34,4384.4278
19/01/16,33.48,91.34,4477.4839
25/01/16,33.3,91.38,4452.3616
01/02/16,31.2,91.38,4173.6062
08/02/16,31.91,91.36,4263.0175
16/02/16,33.85,91.38,4519.644
22/02/16,34.95,91.36,4660.7296
29/02/16,35.5599,91.38,4750.5897
07/03/16,35.78,91.36,4776.2724
14/03/16,36.38,91.36,4861.4503
21/03/16,35.83,91.38,4783.4015
28/03/16,36.97,91.38,4933.2357
04/04/16,36.89,91.4,4926.8188
11/04/16,37.68,91.38,5031.7736
18/04/16,36.58,91.4,4886.756
25/04/16,35.67,91.42,4765.9005
02/05/16,35.39,91.42,4731.1579
09/05/16,35.03,91.38,4678.7193
16/05/16,34.78,91.4,4645.2029
23/05/16,35.22,91.42,4701.8456
31/05/16,34.99,91.42,4665.6701
06/06/16,35.17,91.4,4686.6116
13/06/16,33.87,91.4,4524.7542
20/06/16,32.93,91.4,4399.8683
27/06/16,33.7761,91.44,4516.1158
05/07/16,34.33,91.42,4583.8633
11/07/16,35.6399,91.42,4756.6991
18/07/16,35.69,91.44,4766.2858
25/07/16,35.22,91.44,4703.0982
01/08/16,35.01,91.42,4676.1905
08/08/16,35.17,91.42,4692.7294
15/08/16,35.11,91.42,4686.8035
22/08/16,34.88,91.42,4653.0436
29/08/16,35.24,91.46,4697.9374
06/09/16,34.825,91.46,4632.653
12/09/16,34.71,91.44,4630.0989
19/09/16,35.76,91.46,4773.3794
26/09/16,35.57,91.46,4749.7768
03/10/16,35.6798,91.46,4761.6018
10/10/16,35.93,91.44,4801.6989
17/10/16,36.79,91.44,4920.5378
24/10/16,36.1198,91.46,4825.2845
31/10/16,35.89,91.48,4796.4883
07/11/16,38.13,91.4,5098.4776
14/11/16,39.61,91.46,5289.0707
21/11/16,40.34,91.46,5384.63
28/11/16,39.5,91.42,5272.221
05/12/16,41.13,91.44,5484.9291
12/12/16,40.51,91.42,5425.7326
19/12/16,40.69,91.42,5444.079
27/12/16,40.02,91.4,5352.8435
03/01/17,40.46,91.44,5406.7598
09/01/17,40.7155,91.44,5447.6935
17/01/17,40.78,91.44,5456.065
23/01/17,40.93,91.42,5478.5982
30/01/17,40.47,91.4,5417.5449
06/02/17,41.16,91.42,5507.7714
13/02/17,41.08,91.44,5500.5835
21/02/17,41.14,91.42,5502.2813
27/02/17,40.97,91.42,5472.279
06/03/17,40.49,91.42,5406.1438
13/03/17,40.5,91.44,5409.0437
20/03/17,40.37,91.44,5387.417
27/03/17,41.22,91.42,5506.3235
03/04/17,40.73,91.4,5439.7276
10/04/17,40.06,91.42,5348.5229
17/04/17,41.04,91.44,5476.647
24/04/17,42.02,91.46,5609.3198
01/05/17,41.91,91.4,5601.093
08/05/17,41.28,91.42,5515.9071
15/05/17,41.12,91.44,5493.2238
22/05/17,42.0499,91.48,5615.1664
30/05/17,42.7797,91.4,5700.8664
05/06/17,42.15,91.44,5626.7791
12/06/17,41.84,91.46,5613.2032
19/06/17,41.94,91.46,5636.1424
26/06/17,41.5,91.48,5562.3306
03/07/17,41.61,91.44,5586.7224
10/07/17,41.7324,91.46,5602.1983
17/07/17,41.75,91.44,5610.42
24/07/17,40.92,91.46,5501.1336
31/07/17,41.14,91.44,5526.2567
07/08/17,40.4399,91.46,5427.0682
14/08/17,39.915,91.44,5359.1582
21/08/17,39.92,91.46,5359.6805
28/08/17,40.51,91.44,5435.6433
05/09/17,39.72,91.42,5331.7342
11/09/17,40.45,91.44,5434.946
18/09/17,40.8,91.48,5476.772
25/09/17,41.31,91.5,5543.2106
02/10/17,42.2164,91.42,5666.7017
09/10/17,42.0901,91.46,5653.0839
16/10/17,42.13,91.48,5656.0059
23/10/17,41.6207,91.5,5587.6873
30/10/17,41.81,91.42,5610.0475
06/11/17,41.72,91.44,5594.1389
13/11/17,42.29,91.44,5679.6154
20/11/17,42.7243,91.46,5736.8836
27/11/17,43.3198,91.42,5819.0006
04/12/17,43.59,91.45,5841.6579
11/12/17,43.6401,91.46,5855.2032
18/12/17,44.2213,91.41,5922.9897
26/12/17,44.19,91.4,5908.096
02/01/18,44.0338,91.44,5907.6212
08/01/18,45.29,91.47,6078.7674
16/01/18,45.9898,91.48,6171.7356
22/01/18,46.447,91.52,6236.4758
29/01/18,45.51,91.44,6094.9777
05/02/18,43.76,91.46,5862.2669
12/02/18,45.34,91.48,6072.7436
20/02/18,45.265,91.5,6073.7513
26/02/18,44.3801,91.45,5948.2186
05/03/18,46.55,91.46,6230.1088
12/03/18,46.27,91.48,6172.214
19/03/18,43.68,91.51,5856.4899
26/03/18,44.53,91.55,5958.0792
02/04/18,43.7155,91.46,5883.2431
09/04/18,44.0349,91.48,5897.1203
16/04/18,45.54,91.51,6108.9971
23/04/18,45.0509,91.55,6033.8882
30/04/18,45.15,91.47,6056.602
07/05/18,45.709,91.48,6116.9006
14/05/18,46.235,91.52,6189.891
21/05/18,46.82,91.56,6257.6754
29/05/18,46.799,91.45,6256.6332
04/06/18,46.9,91.48,6293.2642
11/06/18,47.9699,91.51,6411.06
18/06/18,47.7015,91.53,6388.7857
25/06/18,46.55,91.58,6224.1646
02/07/18,47.1699,91.48,6313.9531
09/07/18,47.6199,91.5,6382.0559
16/07/18,48.07,91.54,6449.1928
23/07/18,47.5493,91.57,6377.0879
30/07/18,46.18,91.46,6195.5771
06/08/18,45.57,91.5,6112.1074
13/08/18,45.8385,91.52,6142.1653
20/08/18,46.6758,91.56,6250.9708
27/08/18,47.05,91.59,6312.8179
04/09/18,46.048,91.49,6168.9488
10/09/18,46.3072,91.51,6210.8927
17/09/18,46.78,91.55,6273.06
24/09/18,47.1674,91.58,6326.2542
01/10/18,44.91,91.48,6016.292
08/10/18,43.408,91.5,5818.8573
15/10/18,43.43,91.53,5834.992
22/10/18,40.9301,91.58,5495.6297
29/10/18,42.35,91.46,5689.646
05/11/18,43.1875,91.51,5786.6455
12/11/18,42.7478,91.54,5722.2069
19/11/18,42.2794,91.57,5650.1532
26/11/18,43.76,91.61,5866.4636
03/12/18,42.1857,91.49,5649.3366
10/12/18,42.049,91.53,5633.3434
17/12/18,38.9647,91.41,5213.2642
24/12/18,39.4009,91.45,5291.7379
31/12/18,40.6357,91.49,5458.7832
07/01/19,42.1012,91.52,5651.8301
14/01/19,42.53,91.56,5707.8976
22/01/19,42.2626,91.59,5678.3963
28/01/19,42.1038,91.45,5656.9653
04/02/19,42.6454,91.5,5731.9149
11/02/19,43.44,91.53,5826.4509
19/02/19,43.5958,91.58,5854.1658
25/02/19,43.2218,91.45,5803.5239
04/03/19,42.0953,91.49,5645.8461
11/03/19,42.5762,91.52,5714.2235
18/03/19,41.8434,91.56,5606.0103
25/03/19,42.9232,91.6,5752.7977
01/04/19,43.662,91.47,5854.1291
08/04/19,44.72,91.51,5996.1107
15/04/19,44.8502,91.55,6008.934
22/04/19,44.844,91.58,6011.32
29/04/19,44.54,91.45,5975.7501
06/05/19,43.67,91.5,5856.4541
13/05/19,43.2092,91.53,5784.0906
20/05/19,42.2006,91.58,5649.0117
28/05/19,41.3685,91.62,5540.3736
03/06/19,42.87,91.48,5736.661
10/06/19,43.33,91.54,5794.0164
17/06/19,43.38,91.57,5800.6956
24/06/19,43.3642,91.61,5817.7974
01/07/19,44.2091,91.47,5928.357
08/07/19,44.5984,91.52,5972.0068
15/07/19,43.9082,91.56,5877.2908
22/07/19,45.042,91.58,6033.438
29/07/19,44.0027,91.48,5895.1789
05/08/19,44.3842,91.5,5944.0812
12/08/19,43.0526,91.55,5765.2143
19/08/19,42.34,91.57,5664.0673
26/08/19,43.2154,91.61,5785.2087
03/09/19,43.38,91.47,5815.7121
09/09/19,43.671,91.5,5844.2692
16/09/19,43.1197,91.54,5767.6728
23/09/19,42.29,91.58,5670.5565
30/09/19,42.0221,91.48,5629.517
07/10/19,42.3929,91.52,5641.0768
14/10/19,42.3135,91.54,5665.7606
21/10/19,42.5152,91.57,5693.419
28/10/19,42.1261,91.46,5644.5887
04/11/19,42.9204,91.49,5754.5788
11/11/19,42.85,91.5,5743.8634
18/11/19,42.9222,91.53,5749.4075
25/11/19,43.9,91.56,5870.2231
02/12/19,43.88,91.47,5870.1987
09/12/19,43.9541,91.48,5882.0594
16/12/19,45.19,91.41,6046.3594
23/12/19,45.2449,91.42,6070.554
30/12/19,45.042,91.46,6038.7875
06/01/20,44.536,91.48,5975.159
13/01/20,45.5985,91.5,6113.8684
21/01/20,44.0268,91.52,5904.88
27/01/20,42.68,91.54,5727.0051
03/02/20,43.6801,91.47,5859.2209
10/02/20,44.5429,91.49,5977.6558
18/02/20,43.6923,91.52,5863.0043
24/02/20,36.4049,91.54,4896.1143
02/03/20,33.6395,91.55,4500.5197
09/03/20,27.6842,91.62,3722.6582
16/03/20,20.97,91.66,2777.5415
23/03/20,24.725,91.62,3311.5828
30/03/20,21.2008,91.55,2845.8646
06/04/20,25.95,91.53,3478.1628
13/04/20,25.88,91.56,3461.7849
20/04/20,25.35,91.55,3402.0566
27/04/20,26.21,91.53,3515.4156
04/05/20,26.99,91.53,3619.7513
11/05/20,25.75,91.53,3454.7296
18/05/20,28.8,91.53,3885.6994
26/05/20,30.06,91.53,4039.3361
01/06/20,33.09,91.52,4446.3779
08/06/20,30.36,91.54,4077.2427
15/06/20,30.12,91.53,4046.8924
22/06/20,28.26,91.53,3803.1937
29/06/20,29.31,91.54,3945.1257
06/07/20,29.71,91.54,4000.629
13/07/20,30.44,91.54,4095.7109
20/07/20,30.22,91.53,4066.1841
27/07/20,30.03,91.54,4037.6895
03/08/20,31.12,91.54,4189.9162
10/08/20,32.19,91.53,4329.9675
17/08/20,31.98,91.54,4301.1851
24/08/20,34.05,91.54,4581.4806
31/08/20,33.18,91.54,4459.9537
08/09/20,32.69,91.52,4393.9565
14/09/20,33.14,91.52,4452.7664
21/09/20,31.67,91.52,4256.1547
28/09/20,32.35,91.52,4348.8522
05/10/20,32.59,91.52,4380.6474
12/10/20,32.44,91.53,4361.25
19/10/20,32.58,91.53,4379.6924
26/10/20,30,91.53,4037.5248
02/11/20,32.2,91.52,4333.2468
09/11/20,35.01,91.53,4710.1855
16/11/20,35.98,91.53,4838.8162
23/11/20,37.5,91.53,5045.3256
30/11/20,38.5,91.53,5176.6758
07/12/20,38.35,91.52,5156.6823
14/12/20,39.15,91.52,5259.8539
21/12/20,39.4,91.52,5335.7569
28/12/20,40.03,91.52,5420.6272
04/01/21,41.57,91.51,5624.663
11/01/21,42.01,91.52,5685.6063
19/01/21,42.87,91.51,5808.4752
25/01/21,41.58,91.52,5625.9866
01/02/21,44.54,91.52,6031.8851
08/02/21,45.28,91.51,6132.2139
16/02/21,46.44,91.52,6289.4134
22/02/21,48.07,91.51,6503.0727
01/03/21,49.83,91.51,6757.8665
08/03/21,53.65,91.5,7262.2082
15/03/21,52.77,91.5,7147.4453
22/03/21,46.22,91.5,6266.8111
29/03/21,46.5,91.51,6298.922
05/04/21,46.76,91.49,6343.0549
12/04/21,46.05,91.5,6239.9157
19/04/21,45.91,91.5,6232.2448
26/04/21,46.02,91.5,NaN
03/05/21,44.7,91.49,NaN
10/05/21,44.16,91.48,5985.505
17/05/21,43.89,91.49,5901.5879
24/05/21,47.22,91.49,NaN
01/06/21,52.71,91.49,7136.5513
07/06/21,53.57,91.48,NaN
14/06/21,50.69,91.48,NaN
21/06/21,52.61,91.48,7122.4805
28/06/21,52.33,91.47,7093.9965
06/07/21,51.4,91.47,6956.7943
12/07/21,48.77,91.47,6604.4213
19/07/21,49.76,91.46,6734.1224
26/07/21,49.26,91.46,6673.9693
02/08/21,49.24,91.47,6669.6683
09/08/21,49.17,91.47,6659.9913
16/08/21,47.79,91.47,6474.1494
23/08/21,49.98,91.46,6647.4078
30/08/21,49.26,91.45,NaN
07/09/21,48.57,91.46,NaN
13/09/21,49.64,91.45,6721.7489
20/09/21,51.4,91.45,6965.9163
27/09/21,52.07,91.46,7034.7453
04/10/21,52.06,91.45,7045.9251
11/10/21,52.28,91.45,7083.1283
18/10/21,51.36,91.44,6955.2141
25/10/21,50.49,91.45,6839.6261
01/11/21,53.27,91.44,6943.0995
08/11/21,51,91.44,6903.2514
15/11/21,48.83,91.44,6613.6009
22/11/21,47,91.43,6362.5153
29/11/21,45.11,91.43,5982.2936
06/12/21,47.27,91.44,6407.877
13/12/21,45.88,91.44,6210.554
20/12/21,48.92,91.42,6638.5505
27/12/21,48.98,91.43,6643.1082
03/01/22,48.82,91.43,6624.9803
10/01/22,48.32,91.43,6556.6635
18/01/22,45.14,91.42,6122.2733
24/01/22,45.72,91.41,6207.4724
31/01/22,47.15,91.41,6330.6463
07/02/22,49.21,91.41,6669.5006
14/02/22,49.05,91.42,6656.3834
22/02/22,48.66,91.41,6598.4929
28/02/22,45.98,91.42,6237.3953
07/03/22,44.4,91.41,6021.6441
14/03/22,47.32,91.41,6412.9471
21/03/22,48.19,91.41,6541.3918
28/03/22,48.55,91.43,6584.1263
04/04/22,46.15,91.41,6260.9162
11/04/22,46.98,91.41,6377.1544
18/04/22,44.8,91.42,6076.6352
25/04/22,43.29,91.42,5877.4047
02/05/22,41.38,91.44,5619.3903
09/05/22,40.44,91.45,5497.8494
16/05/22,40.09,91.46,5447.5771
23/05/22,42.08,91.46,5712.1507
31/05/22,41.62,91.42,5650.865
06/06/22,38.95,91.42,5285.0998
13/06/22,36.48,91.44,4952.515
21/06/22,37.74,91.45,5135.9424
27/06/22,37.08,91.43,5040.5368
05/07/22,36.88,91.42,5012.6073
11/07/22,36.81,91.42,5007.1339
18/07/22,38.48,91.46,5225.9707
25/07/22,39.61,91.47,5381.2343
01/08/22,40.27,91.42,5480.0336
08/08/22,41.89,91.45,5693.4323
15/08/22,41.18,91.49,5594.7302
22/08/22,39.89,91.52,5420.3287
29/08/22,38.58,91.44,5240.0825
06/09/22,40.02,91.47,5439.1247
12/09/22,38.61,91.51,5240.7795
19/09/22,35.25,91.56,4788.9926
26/09/22,34.65,91.6,4701.5173
03/10/22,35.53,91.47,4824.572
10/10/22,35.68,91.51,4845.7408
17/10/22,37.32,91.56,5072.4882
24/10/22,38.56,91.59,5241.9743
31/10/22,36.76,91.47,4994.5573
07/11/22,38.68,91.52,5252.2036
14/11/22,37.92,91.58,5148.4184
21/11/22,38.92,91.63,5221.6387
28/11/22,39.45,91.44,5360.455
05/12/22,38.23,91.53,5195.247
12/12/22,37.3,91.59,5062.2171
19/12/22,36.9,91.41,5016.2718
27/12/22,36.41,91.47,4948.2825
03/01/23,38.21,91.49,5191.9449
09/01/23,40.25,91.58,5465.6907
17/01/23,40.53,91.64,5500.3101
23/01/23,41.28,91.72,5604.6697
30/01/23,41.84,91.46,5678.9615
06/02/23,40.97,91.52,5564.9316
13/02/23,41.67,91.62,5662.534
21/02/23,40.3,91.69,5475.6898
27/02/23,41.49,91.51,5623.521
06/03/23,38.82,91.58,5263.6497
13/03/23,38.31,91.72,5194.4331
20/03/23,38.57,91.81,5244.4174
27/03/23,40.69,91.82,5535.0468
03/04/23,40.1,91.54,5450.6557
10/04/23,40.67,91.63,5529.3607
17/04/23,41.41,91.73,5610.628
24/04/23,41.4,91.78,5631.4892
01/05/23,40.65,91.47,5556.6252
08/05/23,40.08,91.58,NaN
15/05/23,41.05,91.65,NaN
22/05/23,39.95,91.74,NaN
30/05/23,40.4,91.46,NaN
05/06/23,41.12,91.55,5587.5112
12/06/23,41.44,91.65,5632.8408
20/06/23,40.44,91.72,5497.9914
26/06/23,41.82,91.82,5687.7766
03/07/23,41.64,91.52,5710.4469
10/07/23,42.58,91.62,5791.4766
17/07/23,42.92,91.7,5837.0605
24/07/23,42.99,91.79,5849.84
31/07/23,41.95,91.5,NaN
07/08/23,42.07,91.59,NaN
14/08/23,40.46,91.68,NaN
21/08/23,39.881,91.77,NaN
28/08/23,40.7,91.47,5533.0633
05/09/23,39.78,91.55,5411.763
11/09/23,39.86,91.64,5419.4343
18/09/23,38.09,91.73,5184.0291
25/09/23,38.32,91.82,5215.234
02/10/23,37.88,91.53,5148.7128
09/10/23,36.45,91.62,4961.7224
16/10/23,35.46,91.71,4828.2936
23/10/23,34.95,91.81,4756.2816
30/10/23,37.85,91.48,5151.438
06/11/23,37.6,91.58,5114.9604
13/11/23,39.34,91.68,5352.3501
20/11/23,39.35,91.76,5357.5412
27/11/23,40.04,91.44,5351.626
04/12/23,40.52,91.53,NaN
11/12/23,41.73,91.63,NaN
18/12/23,41.93,91.31,NaN
26/12/23,41.9299,91.39,NaN
02/01/24,40.56,91.47,NaN
08/01/24,40.3,91.58,NaN
16/01/24,41,91.66,5585.0668
22/01/24,42.1,91.75,NaN
29/01/24,42.46,91.44,NaN
05/02/24,42.57,91.52,NaN
12/02/24,43.46,91.63,NaN
20/02/24,43.5,91.71,5899.3543
26/02/24,44.55,91.45,6039.556
04/03/24,44.6,91.53,6046.0424
11/03/24,44.7,91.63,6056.6743
18/03/24,45.58,91.71,6195.4273
25/03/24,46.18,91.8,6180.1699
01/04/24,45.73,91.5,6224.7389
08/04/24,44.51,91.58,6056.7389
15/04/24,43.49,91.68,5898.6716
22/04/24,44.83,91.76,NaN
29/04/24,44.84,91.48,NaN
06/05/24,44.84,91.56,NaN
13/05/24,44.96,91.65,NaN
20/05/24,44.21,91.77,NaN
28/05/24,44.04,91.82,NaN
03/06/24,44.3332,91.51,NaN
10/06/24,43.64,91.62,NaN
17/06/24,44.55,91.7,NaN
24/06/24,45.42,91.78,NaN
01/07/24,45.09,91.49,6138.3854
08/07/24,45.75,91.58,NaN
15/07/24,45.4725,91.67,NaN
22/07/24,44.45,91.77,NaN
29/07/24,43.18,91.47,NaN
05/08/24,43.61,91.54,5934.0719
12/08/24,44.76,91.65,5938.836
19/08/24,46.65,91.73,NaN
26/08/24,46.21,91.82,6287.4342
03/09/24,44.63,91.53,6068.3674
09/09/24,46.14,91.62,NaN
16/09/24,47.55,91.73,NaN
23/09/24,47.76,91.8,NaN
30/09/24,47.82,91.51,6511.7665
07/10/24,48.43,91.6,6597.3622
14/10/24,49.3,91.67,6708.9712
21/10/24,48.97,91.75,6663.3806
28/10/24,49.52,91.48,6745.7709
04/11/24,52.42,91.58,7143.2583
11/11/24,51.6,91.63,7033.7528
18/11/24,53.6,91.72,7054.9588
25/11/24,54.39,91.78,NaN
02/12/24,55.28,91.55,7535.8169
09/12/24,54.14,91.64,7334.319
16/12/24,52.41,91.33,7145.3931
23/12/24,52.56,91.41,7158.5554
30/12/24,52.64,91.46,7171.8028
06/01/25,51.74,91.54,7035.6254
13/01/25,52.84,91.63,7135.2701
21/01/25,54.07,91.69,7354.7077
27/01/25,55.86,91.75,7510.3254
03/02/25,56.77,91.5,NaN
10/02/25,57.3547,91.58,NaN
18/02/25,54.99,91.66,NaN
24/02/25,54.65,91.72,NaN
03/03/25,50.58,91.51,NaN
10/03/25,48.28,91.58,NaN
17/03/25,49.6,91.66,NaN
24/03/25,48.7,91.73,NaN
31/03/25,43.48,91.48,NaN
07/04/25,46.02,91.56,6265.532
14/04/25,46.7,91.63,6353.2162
21/04/25,48.3,91.7,6199.1135
28/04/25,49.85,91.46,6784.3503
05/05/25,50.06,91.53,6821.0315
12/05/25,53.25,91.6,7250.3339
19/05/25,51.65,91.69,7035.5912
27/05/25,53.31,91.74,7256.0116
02/06/25,54.5,91.5,7422.9599
09/06/25,52.85,91.58,7203.6114
16/06/25,54.28,91.64,7399.0077
23/06/25,56.75,91.72,7719.8989
30/06/25,57.81,91.5,7773.8523
07/07/25,57.73,91.56,7849.4671
14/07/25,58.58,91.6,7979.4175